Ward,Office,Party,Candidate,Total,Total Percentage
1,STATE AUDITOR,Republican,SCOTT FITZPATRICK,331,82.96%
1,STATE AUDITOR,Republican,GERALD (JERRY) WISTRAND JR.,68,17.04%
1,STATE AUDITOR,Democratic,QUENTIN WILSON,2046,64.12%
1,STATE AUDITOR,Democratic,GREGORY UPCHURCH,1145,35.88%
1,STATE AUDITOR,Libertarian,DUSTIN COFFELL,12,100.00%
1,U.S. REPRESENTATIVE DIST 1,Republican,PAUL BERRY III,188,47.47%
1,U.S. REPRESENTATIVE DIST 1,Republican,ANDREW JONES,208,52.53%
1,U.S. REPRESENTATIVE DIST 1,Democratic,ALISSA MURPHY,146,3.73%
1,U.S. REPRESENTATIVE DIST 1,Democratic,CARL E. HARRIS SR,51,1.30%
1,U.S. REPRESENTATIVE DIST 1,Democratic,CORI BUSH,1718,43.88%
1,U.S. REPRESENTATIVE DIST 1,Democratic,WESLEY BELL,1965,50.19%
1,U.S. REPRESENTATIVE DIST 1,Democratic,CARL EARNEST HENDERSON,35,0.89%
1,U.S. REPRESENTATIVE DIST 1,Libertarian,TOM SCHMITZ,11,100.00%
1,STATE SENATOR DISTRICT 4,Democratic,STEVE BUTZ,1422,45.36%
1,STATE SENATOR DISTRICT 4,Democratic,GINA MITTEN,1713,54.64%
1,STATE REPRESENTATIVE DISTRICT 80,Republican,JENNIE DRAG,31,100.00%
1,STATE REPRESENTATIVE DISTRICT 80,Democratic,ELIZABETH (LILLY) FUCHS,253,100.00%
1,STATE REPRESENTATIVE DISTRICT 81,Democratic,TONY KIRCHNER,1120,33.06%
1,STATE REPRESENTATIVE DISTRICT 81,Democratic,AARON NATHANIEL CLITE,729,21.52%
1,STATE REPRESENTATIVE DISTRICT 81,Democratic,JAMES (JIMMY) LAPPE,1539,45.43%
1,COLLECTOR OF REVENUE,Democratic,GREGORY F.X. DALY,3278,100.00%
1,LICENSE COLLECTOR,Democratic,"MAVIS ""TESSA"" THOMPSON",2442,72.46%
1,LICENSE COLLECTOR,Democratic,DYLAN HASSINGER,928,27.54%
1,RECORDER OF DEEDS,Democratic,"ANTHONY T. BRANDON, JR.",384,10.96%
1,RECORDER OF DEEDS,Democratic,PATTY ELLISON-BROWN,1124,32.08%
1,RECORDER OF DEEDS,Democratic,SHANE COHN,1604,45.78%
1,RECORDER OF DEEDS,Democratic,"YOLONDA ""YOGI"" YANCIE",392,11.19%
1,RECORDER OF DEEDS,Green,JEROME H. BAUER,5,50.00%
1,RECORDER OF DEEDS,Green,DON DE VIVO,5,50.00%
1,CONSTITUTIONAL AMENDMENT NO. 1,Nonpartisan,YES - FOR THE AMENDMENT,4109,89.93%
1,CONSTITUTIONAL AMENDMENT NO. 1,Nonpartisan,NO - AGAINST THE AMENDMENT,460,10.07%
1,CONSTITUTIONAL AMENDMENT NO. 2,Nonpartisan,YES - FOR THE AMENDMENT,3341,76.10%
1,CONSTITUTIONAL AMENDMENT NO. 2,Nonpartisan,NO - AGAINST THE AMENDMENT,1049,23.90%
1,CONSTITUTIONAL AMENDMENT NO. 4,Nonpartisan,YES - FOR THE AMENDMENT,487,10.56%
1,CONSTITUTIONAL AMENDMENT NO. 4,Nonpartisan,NO - AGAINST THE AMENDMENT,4126,89.44%
1,CONSTITUTIONAL AMENDMENT NO. 5,Nonpartisan,YES - FOR THE AMENDMENT,493,10.67%
1,CONSTITUTIONAL AMENDMENT NO. 5,Nonpartisan,NO - AGAINST THE AMENDMENT,4126,89.33%
1,PROPOSITION M,Nonpartisan,YES - FOR THE PROPOSITION,3321,75.03%
1,PROPOSITION M,Nonpartisan,NO - AGAINST THE PROPOSITION,1105,24.97%
2,STATE AUDITOR,Republican,SCOTT FITZPATRICK,488,87.30%
2,STATE AUDITOR,Republican,GERALD (JERRY) WISTRAND JR.,71,12.70%
2,STATE AUDITOR,Democratic,QUENTIN WILSON,2874,65.13%
2,STATE AUDITOR,Democratic,GREGORY UPCHURCH,1539,34.87%
2,STATE AUDITOR,Libertarian,DUSTIN COFFELL,20,100.00%
2,U.S. REPRESENTATIVE DIST 1,Republican,PAUL BERRY III,277,49.29%
2,U.S. REPRESENTATIVE DIST 1,Republican,ANDREW JONES,285,50.71%
2,U.S. REPRESENTATIVE DIST 1,Democratic,ALISSA MURPHY,175,3.19%
2,U.S. REPRESENTATIVE DIST 1,Democratic,CARL E. HARRIS SR,74,1.35%
2,U.S. REPRESENTATIVE DIST 1,Democratic,CORI BUSH,1983,36.17%
2,U.S. REPRESENTATIVE DIST 1,Democratic,WESLEY BELL,3213,58.61%
2,U.S. REPRESENTATIVE DIST 1,Democratic,CARL EARNEST HENDERSON,37,0.67%
2,U.S. REPRESENTATIVE DIST 1,Libertarian,TOM SCHMITZ,20,100.00%
2,STATE SENATOR DISTRICT 4,Democratic,STEVE BUTZ,2392,44.87%
2,STATE SENATOR DISTRICT 4,Democratic,GINA MITTEN,2939,55.13%
2,STATE REPRESENTATIVE DISTRICT 80,Republican,JENNIE DRAG,41,100.00%
2,STATE REPRESENTATIVE DISTRICT 80,Democratic,ELIZABETH (LILLY) FUCHS,495,100.00%
2,STATE REPRESENTATIVE DISTRICT 81,Democratic,TONY KIRCHNER,381,34.89%
2,STATE REPRESENTATIVE DISTRICT 81,Democratic,AARON NATHANIEL CLITE,200,18.32%
2,STATE REPRESENTATIVE DISTRICT 81,Democratic,JAMES (JIMMY) LAPPE,511,46.79%
2,STATE REPRESENTATIVE DISTRICT 82,Democratic,NICK KIMBLE,3035,100.00%
2,COLLECTOR OF REVENUE,Democratic,GREGORY F.X. DALY,4642,100.00%
2,LICENSE COLLECTOR,Democratic,"MAVIS ""TESSA"" THOMPSON",3285,70.54%
2,LICENSE COLLECTOR,Democratic,DYLAN HASSINGER,1372,29.46%
2,RECORDER OF DEEDS,Democratic,"ANTHONY T. BRANDON, JR.",465,9.41%
2,RECORDER OF DEEDS,Democratic,PATTY ELLISON-BROWN,1880,38.04%
2,RECORDER OF DEEDS,Democratic,SHANE COHN,2131,43.12%
2,RECORDER OF DEEDS,Democratic,"YOLONDA ""YOGI"" YANCIE",466,9.43%
2,RECORDER OF DEEDS,Green,JEROME H. BAUER,8,61.54%
2,RECORDER OF DEEDS,Green,DON DE VIVO,5,38.46%
2,CONSTITUTIONAL AMENDMENT NO. 1,Nonpartisan,YES - FOR THE AMENDMENT,5867,90.89%
2,CONSTITUTIONAL AMENDMENT NO. 1,Nonpartisan,NO - AGAINST THE AMENDMENT,588,9.11%
2,CONSTITUTIONAL AMENDMENT NO. 2,Nonpartisan,YES - FOR THE AMENDMENT,4829,78.58%
2,CONSTITUTIONAL AMENDMENT NO. 2,Nonpartisan,NO - AGAINST THE AMENDMENT,1316,21.42%
2,CONSTITUTIONAL AMENDMENT NO. 4,Nonpartisan,YES - FOR THE AMENDMENT,795,12.23%
2,CONSTITUTIONAL AMENDMENT NO. 4,Nonpartisan,NO - AGAINST THE AMENDMENT,5703,87.77%
2,CONSTITUTIONAL AMENDMENT NO. 5,Nonpartisan,YES - FOR THE AMENDMENT,811,12.46%
2,CONSTITUTIONAL AMENDMENT NO. 5,Nonpartisan,NO - AGAINST THE AMENDMENT,5698,87.54%
2,PROPOSITION M,Nonpartisan,YES - FOR THE PROPOSITION,4979,79.44%
2,PROPOSITION M,Nonpartisan,NO - AGAINST THE PROPOSITION,1289,20.56%
3,STATE AUDITOR,Republican,SCOTT FITZPATRICK,128,87.07%
3,STATE AUDITOR,Republican,GERALD (JERRY) WISTRAND JR.,19,12.93%
3,STATE AUDITOR,Democratic,QUENTIN WILSON,1266,63.84%
3,STATE AUDITOR,Democratic,GREGORY UPCHURCH,717,36.16%
3,STATE AUDITOR,Libertarian,DUSTIN COFFELL,3,100.00%
3,U.S. REPRESENTATIVE DIST 1,Republican,PAUL BERRY III,63,43.45%
3,U.S. REPRESENTATIVE DIST 1,Republican,ANDREW JONES,82,56.55%
3,U.S. REPRESENTATIVE DIST 1,Democratic,ALISSA MURPHY,64,2.75%
3,U.S. REPRESENTATIVE DIST 1,Democratic,CARL E. HARRIS SR,23,0.99%
3,U.S. REPRESENTATIVE DIST 1,Democratic,CORI BUSH,1207,51.85%
3,U.S. REPRESENTATIVE DIST 1,Democratic,WESLEY BELL,1018,43.73%
3,U.S. REPRESENTATIVE DIST 1,Democratic,CARL EARNEST HENDERSON,16,0.69%
3,U.S. REPRESENTATIVE DIST 1,Libertarian,TOM SCHMITZ,4,100.00%
3,STATE SENATOR DISTRICT 4,Democratic,STEVE BUTZ,155,42.47%
3,STATE SENATOR DISTRICT 4,Democratic,GINA MITTEN,210,57.53%
3,STATE REPRESENTATIVE DISTRICT 78,Democratic,MARTY JOE MURRAY,336,100.00%
3,STATE REPRESENTATIVE DISTRICT 80,Republican,JENNIE DRAG,46,100.00%
3,STATE REPRESENTATIVE DISTRICT 80,Democratic,ELIZABETH (LILLY) FUCHS,443,100.00%
3,STATE REPRESENTATIVE DISTRICT 81,Democratic,TONY KIRCHNER,344,27.09%
3,STATE REPRESENTATIVE DISTRICT 81,Democratic,AARON NATHANIEL CLITE,301,23.70%
3,STATE REPRESENTATIVE DISTRICT 81,Democratic,JAMES (JIMMY) LAPPE,625,49.21%
3,COLLECTOR OF REVENUE,Democratic,GREGORY F.X. DALY,1936,100.00%
3,LICENSE COLLECTOR,Democratic,"MAVIS ""TESSA"" THOMPSON",1671,79.46%
3,LICENSE COLLECTOR,Democratic,DYLAN HASSINGER,432,20.54%
3,RECORDER OF DEEDS,Democratic,"ANTHONY T. BRANDON, JR.",297,13.52%
3,RECORDER OF DEEDS,Democratic,PATTY ELLISON-BROWN,346,15.76%
3,RECORDER OF DEEDS,Democratic,SHANE COHN,1212,55.19%
3,RECORDER OF DEEDS,Democratic,"YOLONDA ""YOGI"" YANCIE",341,15.53%
3,RECORDER OF DEEDS,Green,JEROME H. BAUER,3,60.00%
3,RECORDER OF DEEDS,Green,DON DE VIVO,2,40.00%
3,CONSTITUTIONAL AMENDMENT NO. 1,Nonpartisan,YES - FOR THE AMENDMENT,2183,84.84%
3,CONSTITUTIONAL AMENDMENT NO. 1,Nonpartisan,NO - AGAINST THE AMENDMENT,390,15.16%
3,CONSTITUTIONAL AMENDMENT NO. 2,Nonpartisan,YES - FOR THE AMENDMENT,1712,68.26%
3,CONSTITUTIONAL AMENDMENT NO. 2,Nonpartisan,NO - AGAINST THE AMENDMENT,796,31.74%
3,CONSTITUTIONAL AMENDMENT NO. 4,Nonpartisan,YES - FOR THE AMENDMENT,304,11.72%
3,CONSTITUTIONAL AMENDMENT NO. 4,Nonpartisan,NO - AGAINST THE AMENDMENT,2290,88.28%
3,CONSTITUTIONAL AMENDMENT NO. 5,Nonpartisan,YES - FOR THE AMENDMENT,327,12.60%
3,CONSTITUTIONAL AMENDMENT NO. 5,Nonpartisan,NO - AGAINST THE AMENDMENT,2269,87.40%
3,PROPOSITION M,Nonpartisan,YES - FOR THE PROPOSITION,1819,72.38%
3,PROPOSITION M,Nonpartisan,NO - AGAINST THE PROPOSITION,694,27.62%
4,STATE AUDITOR,Republican,SCOTT FITZPATRICK,416,87.95%
4,STATE AUDITOR,Republican,GERALD (JERRY) WISTRAND JR.,57,12.05%
4,STATE AUDITOR,Democratic,QUENTIN WILSON,2913,64.94%
4,STATE AUDITOR,Democratic,GREGORY UPCHURCH,1573,35.06%
4,STATE AUDITOR,Libertarian,DUSTIN COFFELL,32,100.00%
4,U.S. REPRESENTATIVE DIST 1,Republican,PAUL BERRY III,225,47.67%
4,U.S. REPRESENTATIVE DIST 1,Republican,ANDREW JONES,247,52.33%
4,U.S. REPRESENTATIVE DIST 1,Democratic,ALISSA MURPHY,179,3.13%
4,U.S. REPRESENTATIVE DIST 1,Democratic,CARL E. HARRIS SR,68,1.19%
4,U.S. REPRESENTATIVE DIST 1,Democratic,CORI BUSH,2475,43.35%
4,U.S. REPRESENTATIVE DIST 1,Democratic,WESLEY BELL,2950,51.66%
4,U.S. REPRESENTATIVE DIST 1,Democratic,CARL EARNEST HENDERSON,38,0.67%
4,U.S. REPRESENTATIVE DIST 1,Libertarian,TOM SCHMITZ,34,100.00%
4,STATE SENATOR DISTRICT 4,Democratic,STEVE BUTZ,1694,31.13%
4,STATE SENATOR DISTRICT 4,Democratic,GINA MITTEN,3748,68.87%
4,STATE REPRESENTATIVE DISTRICT 82,Democratic,NICK KIMBLE,2976,100.00%
4,STATE REPRESENTATIVE DISTRICT 84,Republican,ROBERT VROMAN,129,100.00%
4,STATE REPRESENTATIVE DISTRICT 84,Democratic,DEL TAYLOR,1429,100.00%
4,COLLECTOR OF REVENUE,Democratic,GREGORY F.X. DALY,4640,100.00%
4,LICENSE COLLECTOR,Democratic,"MAVIS ""TESSA"" THOMPSON",3315,71.71%
4,LICENSE COLLECTOR,Democratic,DYLAN HASSINGER,1308,28.29%
4,RECORDER OF DEEDS,Democratic,"ANTHONY T. BRANDON, JR.",430,8.63%
4,RECORDER OF DEEDS,Democratic,PATTY ELLISON-BROWN,2297,46.08%
4,RECORDER OF DEEDS,Democratic,SHANE COHN,1747,35.05%
4,RECORDER OF DEEDS,Democratic,"YOLONDA ""YOGI"" YANCIE",511,10.25%
4,RECORDER OF DEEDS,Green,JEROME H. BAUER,8,66.67%
4,RECORDER OF DEEDS,Green,DON DE VIVO,4,33.33%
4,CONSTITUTIONAL AMENDMENT NO. 1,Nonpartisan,YES - FOR THE AMENDMENT,6150,92.89%
4,CONSTITUTIONAL AMENDMENT NO. 1,Nonpartisan,NO - AGAINST THE AMENDMENT,471,7.11%
4,CONSTITUTIONAL AMENDMENT NO. 2,Nonpartisan,YES - FOR THE AMENDMENT,4896,78.41%
4,CONSTITUTIONAL AMENDMENT NO. 2,Nonpartisan,NO - AGAINST THE AMENDMENT,1348,21.59%
4,CONSTITUTIONAL AMENDMENT NO. 4,Nonpartisan,YES - FOR THE AMENDMENT,536,8.02%
4,CONSTITUTIONAL AMENDMENT NO. 4,Nonpartisan,NO - AGAINST THE AMENDMENT,6146,91.98%
4,CONSTITUTIONAL AMENDMENT NO. 5,Nonpartisan,YES - FOR THE AMENDMENT,592,8.85%
4,CONSTITUTIONAL AMENDMENT NO. 5,Nonpartisan,NO - AGAINST THE AMENDMENT,6094,91.15%
4,PROPOSITION M,Nonpartisan,YES - FOR THE PROPOSITION,5180,81.19%
4,PROPOSITION M,Nonpartisan,NO - AGAINST THE PROPOSITION,1200,18.81%
5,STATE AUDITOR,Republican,SCOTT FITZPATRICK,421,91.32%
5,STATE AUDITOR,Republican,GERALD (JERRY) WISTRAND JR.,40,8.68%
5,STATE AUDITOR,Democratic,QUENTIN WILSON,3154,66.09%
5,STATE AUDITOR,Democratic,GREGORY UPCHURCH,1618,33.91%
5,STATE AUDITOR,Libertarian,DUSTIN COFFELL,27,100.00%
5,U.S. REPRESENTATIVE DIST 1,Republican,PAUL BERRY III,237,51.52%
5,U.S. REPRESENTATIVE DIST 1,Republican,ANDREW JONES,223,48.48%
5,U.S. REPRESENTATIVE DIST 1,Democratic,ALISSA MURPHY,159,2.65%
5,U.S. REPRESENTATIVE DIST 1,Democratic,CARL E. HARRIS SR,72,1.20%
5,U.S. REPRESENTATIVE DIST 1,Democratic,CORI BUSH,2842,47.38%
5,U.S. REPRESENTATIVE DIST 1,Democratic,WESLEY BELL,2894,48.25%
5,U.S. REPRESENTATIVE DIST 1,Democratic,CARL EARNEST HENDERSON,31,0.52%
5,U.S. REPRESENTATIVE DIST 1,Libertarian,TOM SCHMITZ,25,100.00%
5,STATE SENATOR DISTRICT 4,Democratic,STEVE BUTZ,1925,33.61%
5,STATE SENATOR DISTRICT 4,Democratic,GINA MITTEN,3803,66.39%
5,STATE REPRESENTATIVE DISTRICT 77,Democratic,KIMBERLY-ANN COLLINS,16,100.00%
5,STATE REPRESENTATIVE DISTRICT 77,Libertarian,MICHAEL COREY,0,0.00%
5,STATE REPRESENTATIVE DISTRICT 79,Republican,MIKE HEBRON,5,100.00%
5,STATE REPRESENTATIVE DISTRICT 79,Democratic,RACHEL D'SOUZA,218,54.23%
5,STATE REPRESENTATIVE DISTRICT 79,Democratic,ADAM S. HOPKINS,77,19.15%
5,STATE REPRESENTATIVE DISTRICT 79,Democratic,HELEN BAILEY,107,26.62%
5,STATE REPRESENTATIVE DISTRICT 80,Republican,JENNIE DRAG,90,100.00%
5,STATE REPRESENTATIVE DISTRICT 80,Democratic,ELIZABETH (LILLY) FUCHS,1508,100.00%
5,STATE REPRESENTATIVE DISTRICT 81,Democratic,TONY KIRCHNER,17,34.69%
5,STATE REPRESENTATIVE DISTRICT 81,Democratic,AARON NATHANIEL CLITE,12,24.49%
5,STATE REPRESENTATIVE DISTRICT 81,Democratic,JAMES (JIMMY) LAPPE,20,40.82%
5,STATE REPRESENTATIVE DISTRICT 82,Democratic,NICK KIMBLE,2853,100.00%
5,COLLECTOR OF REVENUE,Democratic,GREGORY F.X. DALY,4901,100.00%
5,LICENSE COLLECTOR,Democratic,"MAVIS ""TESSA"" THOMPSON",3667,73.78%
5,LICENSE COLLECTOR,Democratic,DYLAN HASSINGER,1303,26.22%
5,RECORDER OF DEEDS,Democratic,"ANTHONY T. BRANDON, JR.",469,8.89%
5,RECORDER OF DEEDS,Democratic,PATTY ELLISON-BROWN,2185,41.44%
5,RECORDER OF DEEDS,Democratic,SHANE COHN,2098,39.79%
5,RECORDER OF DEEDS,Democratic,"YOLONDA ""YOGI"" YANCIE",521,9.88%
5,RECORDER OF DEEDS,Green,JEROME H. BAUER,1,50.00%
5,RECORDER OF DEEDS,Green,DON DE VIVO,1,50.00%
5,CONSTITUTIONAL AMENDMENT NO. 1,Nonpartisan,YES - FOR THE AMENDMENT,6375,92.96%
5,CONSTITUTIONAL AMENDMENT NO. 1,Nonpartisan,NO - AGAINST THE AMENDMENT,483,7.04%
5,CONSTITUTIONAL AMENDMENT NO. 2,Nonpartisan,YES - FOR THE AMENDMENT,5234,79.79%
5,CONSTITUTIONAL AMENDMENT NO. 2,Nonpartisan,NO - AGAINST THE AMENDMENT,1326,20.21%
5,CONSTITUTIONAL AMENDMENT NO. 4,Nonpartisan,YES - FOR THE AMENDMENT,576,8.31%
5,CONSTITUTIONAL AMENDMENT NO. 4,Nonpartisan,NO - AGAINST THE AMENDMENT,6352,91.69%
5,CONSTITUTIONAL AMENDMENT NO. 5,Nonpartisan,YES - FOR THE AMENDMENT,642,9.25%
5,CONSTITUTIONAL AMENDMENT NO. 5,Nonpartisan,NO - AGAINST THE AMENDMENT,6296,90.75%
5,PROPOSITION M,Nonpartisan,YES - FOR THE PROPOSITION,5531,83.37%
5,PROPOSITION M,Nonpartisan,NO - AGAINST THE PROPOSITION,1103,16.63%
6,STATE AUDITOR,Republican,SCOTT FITZPATRICK,155,84.24%
6,STATE AUDITOR,Republican,GERALD (JERRY) WISTRAND JR.,29,15.76%
6,STATE AUDITOR,Democratic,QUENTIN WILSON,3962,75.68%
6,STATE AUDITOR,Democratic,GREGORY UPCHURCH,1273,24.32%
6,STATE AUDITOR,Libertarian,DUSTIN COFFELL,16,100.00%
6,U.S. REPRESENTATIVE DIST 1,Republican,PAUL BERRY III,84,46.41%
6,U.S. REPRESENTATIVE DIST 1,Republican,ANDREW JONES,97,53.59%
6,U.S. REPRESENTATIVE DIST 1,Democratic,ALISSA MURPHY,104,1.63%
6,U.S. REPRESENTATIVE DIST 1,Democratic,CARL E. HARRIS SR,72,1.13%
6,U.S. REPRESENTATIVE DIST 1,Democratic,CORI BUSH,3948,61.73%
6,U.S. REPRESENTATIVE DIST 1,Democratic,WESLEY BELL,2255,35.26%
6,U.S. REPRESENTATIVE DIST 1,Democratic,CARL EARNEST HENDERSON,17,0.27%
6,U.S. REPRESENTATIVE DIST 1,Libertarian,TOM SCHMITZ,16,100.00%
6,STATE SENATOR DISTRICT 4,Democratic,STEVE BUTZ,948,19.18%
6,STATE SENATOR DISTRICT 4,Democratic,GINA MITTEN,3994,80.82%
6,STATE REPRESENTATIVE DISTRICT 78,Democratic,MARTY JOE MURRAY,107,100.00%
6,STATE REPRESENTATIVE DISTRICT 79,Republican,MIKE HEBRON,62,100.00%
6,STATE REPRESENTATIVE DISTRICT 79,Democratic,RACHEL D'SOUZA,1822,72.30%
6,STATE REPRESENTATIVE DISTRICT 79,Democratic,ADAM S. HOPKINS,283,11.23%
6,STATE REPRESENTATIVE DISTRICT 79,Democratic,HELEN BAILEY,415,16.47%
6,STATE REPRESENTATIVE DISTRICT 80,Republican,JENNIE DRAG,86,100.00%
6,STATE REPRESENTATIVE DISTRICT 80,Democratic,ELIZABETH (LILLY) FUCHS,2939,100.00%
6,COLLECTOR OF REVENUE,Democratic,GREGORY F.X. DALY,5297,100.00%
6,LICENSE COLLECTOR,Democratic,"MAVIS ""TESSA"" THOMPSON",4503,82.38%
6,LICENSE COLLECTOR,Democratic,DYLAN HASSINGER,963,17.62%
6,RECORDER OF DEEDS,Democratic,"ANTHONY T. BRANDON, JR.",487,8.61%
6,RECORDER OF DEEDS,Democratic,PATTY ELLISON-BROWN,1457,25.77%
6,RECORDER OF DEEDS,Democratic,SHANE COHN,3078,54.44%
6,RECORDER OF DEEDS,Democratic,"YOLONDA ""YOGI"" YANCIE",632,11.18%
6,RECORDER OF DEEDS,Green,JEROME H. BAUER,6,54.55%
6,RECORDER OF DEEDS,Green,DON DE VIVO,5,45.45%
6,CONSTITUTIONAL AMENDMENT NO. 1,Nonpartisan,YES - FOR THE AMENDMENT,6492,94.61%
6,CONSTITUTIONAL AMENDMENT NO. 1,Nonpartisan,NO - AGAINST THE AMENDMENT,370,5.39%
6,CONSTITUTIONAL AMENDMENT NO. 2,Nonpartisan,YES - FOR THE AMENDMENT,4600,70.77%
6,CONSTITUTIONAL AMENDMENT NO. 2,Nonpartisan,NO - AGAINST THE AMENDMENT,1900,29.23%
6,CONSTITUTIONAL AMENDMENT NO. 4,Nonpartisan,YES - FOR THE AMENDMENT,395,5.72%
6,CONSTITUTIONAL AMENDMENT NO. 4,Nonpartisan,NO - AGAINST THE AMENDMENT,6513,94.28%
6,CONSTITUTIONAL AMENDMENT NO. 5,Nonpartisan,YES - FOR THE AMENDMENT,414,5.99%
6,CONSTITUTIONAL AMENDMENT NO. 5,Nonpartisan,NO - AGAINST THE AMENDMENT,6495,94.01%
6,PROPOSITION M,Nonpartisan,YES - FOR THE PROPOSITION,5844,87.56%
6,PROPOSITION M,Nonpartisan,NO - AGAINST THE PROPOSITION,830,12.44%
7,STATE AUDITOR,Republican,SCOTT FITZPATRICK,75,82.42%
7,STATE AUDITOR,Republican,GERALD (JERRY) WISTRAND JR.,16,17.58%
7,STATE AUDITOR,Democratic,QUENTIN WILSON,2630,70.70%
7,STATE AUDITOR,Democratic,GREGORY UPCHURCH,1090,29.30%
7,STATE AUDITOR,Libertarian,DUSTIN COFFELL,11,100.00%
7,U.S. REPRESENTATIVE DIST 1,Republican,PAUL BERRY III,38,41.76%
7,U.S. REPRESENTATIVE DIST 1,Republican,ANDREW JONES,53,58.24%
7,U.S. REPRESENTATIVE DIST 1,Democratic,ALISSA MURPHY,74,1.60%
7,U.S. REPRESENTATIVE DIST 1,Democratic,CARL E. HARRIS SR,38,0.82%
7,U.S. REPRESENTATIVE DIST 1,Democratic,CORI BUSH,2852,61.65%
7,U.S. REPRESENTATIVE DIST 1,Democratic,WESLEY BELL,1648,35.62%
7,U.S. REPRESENTATIVE DIST 1,Democratic,CARL EARNEST HENDERSON,14,0.30%
7,U.S. REPRESENTATIVE DIST 1,Libertarian,TOM SCHMITZ,12,100.00%
7,STATE SENATOR DISTRICT 4,Democratic,STEVE BUTZ,90,18.99%
7,STATE SENATOR DISTRICT 4,Democratic,GINA MITTEN,384,81.01%
7,STATE REPRESENTATIVE DISTRICT 76,Democratic,MARLON ANDERSON,65,100.00%
7,STATE REPRESENTATIVE DISTRICT 77,Democratic,KIMBERLY-ANN COLLINS,143,100.00%
7,STATE REPRESENTATIVE DISTRICT 77,Libertarian,MICHAEL COREY,0,0.00%
7,STATE REPRESENTATIVE DISTRICT 78,Democratic,MARTY JOE MURRAY,1744,100.00%
7,STATE REPRESENTATIVE DISTRICT 79,Republican,MIKE HEBRON,25,100.00%
7,STATE REPRESENTATIVE DISTRICT 79,Democratic,RACHEL D'SOUZA,797,62.95%
7,STATE REPRESENTATIVE DISTRICT 79,Democratic,ADAM S. HOPKINS,213,16.82%
7,STATE REPRESENTATIVE DISTRICT 79,Democratic,HELEN BAILEY,256,20.22%
7,STATE REPRESENTATIVE DISTRICT 80,Republican,JENNIE DRAG,23,100.00%
7,STATE REPRESENTATIVE DISTRICT 80,Democratic,ELIZABETH (LILLY) FUCHS,651,100.00%
7,COLLECTOR OF REVENUE,Democratic,GREGORY F.X. DALY,3744,100.00%
7,LICENSE COLLECTOR,Democratic,"MAVIS ""TESSA"" THOMPSON",3371,84.15%
7,LICENSE COLLECTOR,Democratic,DYLAN HASSINGER,635,15.85%
7,RECORDER OF DEEDS,Democratic,"ANTHONY T. BRANDON, JR.",552,13.45%
7,RECORDER OF DEEDS,Democratic,PATTY ELLISON-BROWN,1006,24.51%
7,RECORDER OF DEEDS,Democratic,SHANE COHN,1837,44.75%
7,RECORDER OF DEEDS,Democratic,"YOLONDA ""YOGI"" YANCIE",710,17.30%
7,RECORDER OF DEEDS,Green,JEROME H. BAUER,7,100.00%
7,RECORDER OF DEEDS,Green,DON DE VIVO,0,0.00%
7,CONSTITUTIONAL AMENDMENT NO. 1,Nonpartisan,YES - FOR THE AMENDMENT,4331,88.64%
7,CONSTITUTIONAL AMENDMENT NO. 1,Nonpartisan,NO - AGAINST THE AMENDMENT,555,11.36%
7,CONSTITUTIONAL AMENDMENT NO. 2,Nonpartisan,YES - FOR THE AMENDMENT,3415,72.41%
7,CONSTITUTIONAL AMENDMENT NO. 2,Nonpartisan,NO - AGAINST THE AMENDMENT,1301,27.59%
7,CONSTITUTIONAL AMENDMENT NO. 4,Nonpartisan,YES - FOR THE AMENDMENT,328,6.68%
7,CONSTITUTIONAL AMENDMENT NO. 4,Nonpartisan,NO - AGAINST THE AMENDMENT,4584,93.32%
7,CONSTITUTIONAL AMENDMENT NO. 5,Nonpartisan,YES - FOR THE AMENDMENT,373,7.58%
7,CONSTITUTIONAL AMENDMENT NO. 5,Nonpartisan,NO - AGAINST THE AMENDMENT,4550,92.42%
7,PROPOSITION M,Nonpartisan,YES - FOR THE PROPOSITION,3885,81.48%
7,PROPOSITION M,Nonpartisan,NO - AGAINST THE PROPOSITION,883,18.52%
8,STATE AUDITOR,Republican,SCOTT FITZPATRICK,126,82.35%
8,STATE AUDITOR,Republican,GERALD (JERRY) WISTRAND JR.,27,17.65%
8,STATE AUDITOR,Democratic,QUENTIN WILSON,2140,66.29%
8,STATE AUDITOR,Democratic,GREGORY UPCHURCH,1088,33.71%
8,STATE AUDITOR,Libertarian,DUSTIN COFFELL,8,100.00%
8,U.S. REPRESENTATIVE DIST 1,Republican,PAUL BERRY III,69,44.23%
8,U.S. REPRESENTATIVE DIST 1,Republican,ANDREW JONES,87,55.77%
8,U.S. REPRESENTATIVE DIST 1,Democratic,ALISSA MURPHY,76,1.88%
8,U.S. REPRESENTATIVE DIST 1,Democratic,CARL E. HARRIS SR,52,1.29%
8,U.S. REPRESENTATIVE DIST 1,Democratic,CORI BUSH,1999,49.54%
8,U.S. REPRESENTATIVE DIST 1,Democratic,WESLEY BELL,1884,46.69%
8,U.S. REPRESENTATIVE DIST 1,Democratic,CARL EARNEST HENDERSON,24,0.59%
8,U.S. REPRESENTATIVE DIST 1,Libertarian,TOM SCHMITZ,10,100.00%
8,STATE REPRESENTATIVE DISTRICT 76,Democratic,MARLON ANDERSON,1853,100.00%
8,STATE REPRESENTATIVE DISTRICT 78,Democratic,MARTY JOE MURRAY,1271,100.00%
8,STATE REPRESENTATIVE DISTRICT 81,Democratic,TONY KIRCHNER,17,27.42%
8,STATE REPRESENTATIVE DISTRICT 81,Democratic,AARON NATHANIEL CLITE,9,14.52%
8,STATE REPRESENTATIVE DISTRICT 81,Democratic,JAMES (JIMMY) LAPPE,36,58.06%
8,COLLECTOR OF REVENUE,Democratic,GREGORY F.X. DALY,3258,100.00%
8,LICENSE COLLECTOR,Democratic,"MAVIS ""TESSA"" THOMPSON",2590,76.09%
8,LICENSE COLLECTOR,Democratic,DYLAN HASSINGER,814,23.91%
8,RECORDER OF DEEDS,Democratic,"ANTHONY T. BRANDON, JR.",418,11.65%
8,RECORDER OF DEEDS,Democratic,PATTY ELLISON-BROWN,1037,28.89%
8,RECORDER OF DEEDS,Democratic,SHANE COHN,1676,46.70%
8,RECORDER OF DEEDS,Democratic,"YOLONDA ""YOGI"" YANCIE",458,12.76%
8,RECORDER OF DEEDS,Green,JEROME H. BAUER,5,55.56%
8,RECORDER OF DEEDS,Green,DON DE VIVO,4,44.44%
8,CONSTITUTIONAL AMENDMENT NO. 1,Nonpartisan,YES - FOR THE AMENDMENT,4066,91.99%
8,CONSTITUTIONAL AMENDMENT NO. 1,Nonpartisan,NO - AGAINST THE AMENDMENT,354,8.01%
8,CONSTITUTIONAL AMENDMENT NO. 2,Nonpartisan,YES - FOR THE AMENDMENT,3254,76.85%
8,CONSTITUTIONAL AMENDMENT NO. 2,Nonpartisan,NO - AGAINST THE AMENDMENT,980,23.15%
8,CONSTITUTIONAL AMENDMENT NO. 4,Nonpartisan,YES - FOR THE AMENDMENT,353,7.92%
8,CONSTITUTIONAL AMENDMENT NO. 4,Nonpartisan,NO - AGAINST THE AMENDMENT,4102,92.08%
8,CONSTITUTIONAL AMENDMENT NO. 5,Nonpartisan,YES - FOR THE AMENDMENT,422,9.47%
8,CONSTITUTIONAL AMENDMENT NO. 5,Nonpartisan,NO - AGAINST THE AMENDMENT,4034,90.53%
8,PROPOSITION M,Nonpartisan,YES - FOR THE PROPOSITION,3590,83.61%
8,PROPOSITION M,Nonpartisan,NO - AGAINST THE PROPOSITION,704,16.39%
9,STATE AUDITOR,Republican,SCOTT FITZPATRICK,106,84.13%
9,STATE AUDITOR,Republican,GERALD (JERRY) WISTRAND JR.,20,15.87%
9,STATE AUDITOR,Democratic,QUENTIN WILSON,2347,69.56%
9,STATE AUDITOR,Democratic,GREGORY UPCHURCH,1027,30.44%
9,STATE AUDITOR,Libertarian,DUSTIN COFFELL,9,100.00%
9,U.S. REPRESENTATIVE DIST 1,Republican,PAUL BERRY III,57,47.90%
9,U.S. REPRESENTATIVE DIST 1,Republican,ANDREW JONES,62,52.10%
9,U.S. REPRESENTATIVE DIST 1,Democratic,ALISSA MURPHY,71,1.70%
9,U.S. REPRESENTATIVE DIST 1,Democratic,CARL E. HARRIS SR,48,1.15%
9,U.S. REPRESENTATIVE DIST 1,Democratic,CORI BUSH,1679,40.17%
9,U.S. REPRESENTATIVE DIST 1,Democratic,WESLEY BELL,2369,56.67%
9,U.S. REPRESENTATIVE DIST 1,Democratic,CARL EARNEST HENDERSON,13,0.31%
9,U.S. REPRESENTATIVE DIST 1,Libertarian,TOM SCHMITZ,10,100.00%
9,STATE SENATOR DISTRICT 4,Democratic,STEVE BUTZ,77,17.42%
9,STATE SENATOR DISTRICT 4,Democratic,GINA MITTEN,365,82.58%
9,STATE REPRESENTATIVE DISTRICT 77,Democratic,KIMBERLY-ANN COLLINS,3323,100.00%
9,STATE REPRESENTATIVE DISTRICT 77,Libertarian,MICHAEL COREY,8,100.00%
9,COLLECTOR OF REVENUE,Democratic,GREGORY F.X. DALY,3381,100.00%
9,LICENSE COLLECTOR,Democratic,"MAVIS ""TESSA"" THOMPSON",2826,80.47%
9,LICENSE COLLECTOR,Democratic,DYLAN HASSINGER,686,19.53%
9,RECORDER OF DEEDS,Democratic,"ANTHONY T. BRANDON, JR.",434,12.02%
9,RECORDER OF DEEDS,Democratic,PATTY ELLISON-BROWN,1039,28.78%
9,RECORDER OF DEEDS,Democratic,SHANE COHN,1639,45.40%
9,RECORDER OF DEEDS,Democratic,"YOLONDA ""YOGI"" YANCIE",498,13.80%
9,RECORDER OF DEEDS,Green,JEROME H. BAUER,8,66.67%
9,RECORDER OF DEEDS,Green,DON DE VIVO,4,33.33%
9,CONSTITUTIONAL AMENDMENT NO. 1,Nonpartisan,YES - FOR THE AMENDMENT,4157,91.64%
9,CONSTITUTIONAL AMENDMENT NO. 1,Nonpartisan,NO - AGAINST THE AMENDMENT,379,8.36%
9,CONSTITUTIONAL AMENDMENT NO. 2,Nonpartisan,YES - FOR THE AMENDMENT,3316,76.37%
9,CONSTITUTIONAL AMENDMENT NO. 2,Nonpartisan,NO - AGAINST THE AMENDMENT,1026,23.63%
9,CONSTITUTIONAL AMENDMENT NO. 4,Nonpartisan,YES - FOR THE AMENDMENT,346,7.57%
9,CONSTITUTIONAL AMENDMENT NO. 4,Nonpartisan,NO - AGAINST THE AMENDMENT,4223,92.43%
9,CONSTITUTIONAL AMENDMENT NO. 5,Nonpartisan,YES - FOR THE AMENDMENT,427,9.34%
9,CONSTITUTIONAL AMENDMENT NO. 5,Nonpartisan,NO - AGAINST THE AMENDMENT,4145,90.66%
9,PROPOSITION M,Nonpartisan,YES - FOR THE PROPOSITION,3741,84.95%
9,PROPOSITION M,Nonpartisan,NO - AGAINST THE PROPOSITION,663,15.05%
9,CWE SOUTH SBD,Nonpartisan,YES - FOR THE PROPOSITION,357,67.36%
9,CWE SOUTH SBD,Nonpartisan,NO - AGAINST THE PROPOSITION,173,32.64%
10,STATE AUDITOR,Republican,SCOTT FITZPATRICK,67,77.91%
10,STATE AUDITOR,Republican,GERALD (JERRY) WISTRAND JR.,19,22.09%
10,STATE AUDITOR,Democratic,QUENTIN WILSON,1920,66.64%
10,STATE AUDITOR,Democratic,GREGORY UPCHURCH,961,33.36%
10,STATE AUDITOR,Libertarian,DUSTIN COFFELL,4,100.00%
10,U.S. REPRESENTATIVE DIST 1,Republican,PAUL BERRY III,46,53.49%
10,U.S. REPRESENTATIVE DIST 1,Republican,ANDREW JONES,40,46.51%
10,U.S. REPRESENTATIVE DIST 1,Democratic,ALISSA MURPHY,45,1.29%
10,U.S. REPRESENTATIVE DIST 1,Democratic,CARL E. HARRIS SR,30,0.86%
10,U.S. REPRESENTATIVE DIST 1,Democratic,CORI BUSH,1450,41.59%
10,U.S. REPRESENTATIVE DIST 1,Democratic,WESLEY BELL,1953,56.02%
10,U.S. REPRESENTATIVE DIST 1,Democratic,CARL EARNEST HENDERSON,8,0.23%
10,U.S. REPRESENTATIVE DIST 1,Libertarian,TOM SCHMITZ,5,100.00%
10,STATE SENATOR DISTRICT 4,Democratic,STEVE BUTZ,812,31.64%
10,STATE SENATOR DISTRICT 4,Democratic,GINA MITTEN,1754,68.36%
10,STATE REPRESENTATIVE DISTRICT 77,Democratic,KIMBERLY-ANN COLLINS,183,100.00%
10,STATE REPRESENTATIVE DISTRICT 77,Libertarian,MICHAEL COREY,1,100.00%
10,STATE REPRESENTATIVE DISTRICT 84,Republican,ROBERT VROMAN,75,100.00%
10,STATE REPRESENTATIVE DISTRICT 84,Democratic,DEL TAYLOR,2661,100.00%
10,COLLECTOR OF REVENUE,Democratic,GREGORY F.X. DALY,2919,100.00%
10,LICENSE COLLECTOR,Democratic,"MAVIS ""TESSA"" THOMPSON",2673,86.62%
10,LICENSE COLLECTOR,Democratic,DYLAN HASSINGER,413,13.38%
10,RECORDER OF DEEDS,Democratic,"ANTHONY T. BRANDON, JR.",531,17.13%
10,RECORDER OF DEEDS,Democratic,PATTY ELLISON-BROWN,714,23.04%
10,RECORDER OF DEEDS,Democratic,SHANE COHN,927,29.91%
10,RECORDER OF DEEDS,Democratic,"YOLONDA ""YOGI"" YANCIE",927,29.91%
10,RECORDER OF DEEDS,Green,JEROME H. BAUER,5,71.43%
10,RECORDER OF DEEDS,Green,DON DE VIVO,2,28.57%
10,CONSTITUTIONAL AMENDMENT NO. 1,Nonpartisan,YES - FOR THE AMENDMENT,3122,84.88%
10,CONSTITUTIONAL AMENDMENT NO. 1,Nonpartisan,NO - AGAINST THE AMENDMENT,556,15.12%
10,CONSTITUTIONAL AMENDMENT NO. 2,Nonpartisan,YES - FOR THE AMENDMENT,2674,75.26%
10,CONSTITUTIONAL AMENDMENT NO. 2,Nonpartisan,NO - AGAINST THE AMENDMENT,879,24.74%
10,CONSTITUTIONAL AMENDMENT NO. 4,Nonpartisan,YES - FOR THE AMENDMENT,326,8.77%
10,CONSTITUTIONAL AMENDMENT NO. 4,Nonpartisan,NO - AGAINST THE AMENDMENT,3391,91.23%
10,CONSTITUTIONAL AMENDMENT NO. 5,Nonpartisan,YES - FOR THE AMENDMENT,432,11.61%
10,CONSTITUTIONAL AMENDMENT NO. 5,Nonpartisan,NO - AGAINST THE AMENDMENT,3290,88.39%
10,PROPOSITION M,Nonpartisan,YES - FOR THE PROPOSITION,2737,75.65%
10,PROPOSITION M,Nonpartisan,NO - AGAINST THE PROPOSITION,881,24.35%
11,STATE AUDITOR,Republican,SCOTT FITZPATRICK,22,81.48%
11,STATE AUDITOR,Republican,GERALD (JERRY) WISTRAND JR.,5,18.52%
11,STATE AUDITOR,Democratic,QUENTIN WILSON,912,59.11%
11,STATE AUDITOR,Democratic,GREGORY UPCHURCH,631,40.89%
11,STATE AUDITOR,Libertarian,DUSTIN COFFELL,3,100.00%
11,U.S. REPRESENTATIVE DIST 1,Republican,PAUL BERRY III,14,53.85%
11,U.S. REPRESENTATIVE DIST 1,Republican,ANDREW JONES,12,46.15%
11,U.S. REPRESENTATIVE DIST 1,Democratic,ALISSA MURPHY,40,2.25%
11,U.S. REPRESENTATIVE DIST 1,Democratic,CARL E. HARRIS SR,23,1.30%
11,U.S. REPRESENTATIVE DIST 1,Democratic,CORI BUSH,692,38.96%
11,U.S. REPRESENTATIVE DIST 1,Democratic,WESLEY BELL,1018,57.32%
11,U.S. REPRESENTATIVE DIST 1,Democratic,CARL EARNEST HENDERSON,3,0.17%
11,U.S. REPRESENTATIVE DIST 1,Libertarian,TOM SCHMITZ,2,100.00%
11,STATE REPRESENTATIVE DISTRICT 76,Democratic,MARLON ANDERSON,318,100.00%
11,STATE REPRESENTATIVE DISTRICT 77,Democratic,KIMBERLY-ANN COLLINS,438,100.00%
11,STATE REPRESENTATIVE DISTRICT 77,Libertarian,MICHAEL COREY,3,100.00%
11,STATE REPRESENTATIVE DISTRICT 78,Democratic,MARTY JOE MURRAY,2,100.00%
11,STATE REPRESENTATIVE DISTRICT 79,Republican,MIKE HEBRON,18,100.00%
11,STATE REPRESENTATIVE DISTRICT 79,Democratic,RACHEL D'SOUZA,216,26.60%
11,STATE REPRESENTATIVE DISTRICT 79,Democratic,ADAM S. HOPKINS,234,28.82%
11,STATE REPRESENTATIVE DISTRICT 79,Democratic,HELEN BAILEY,362,44.58%
11,COLLECTOR OF REVENUE,Democratic,GREGORY F.X. DALY,1507,100.00%
11,LICENSE COLLECTOR,Democratic,"MAVIS ""TESSA"" THOMPSON",1556,91.53%
11,LICENSE COLLECTOR,Democratic,DYLAN HASSINGER,144,8.47%
11,RECORDER OF DEEDS,Democratic,"ANTHONY T. BRANDON, JR.",503,30.48%
11,RECORDER OF DEEDS,Democratic,PATTY ELLISON-BROWN,338,20.48%
11,RECORDER OF DEEDS,Democratic,SHANE COHN,325,19.70%
11,RECORDER OF DEEDS,Democratic,"YOLONDA ""YOGI"" YANCIE",484,29.33%
11,RECORDER OF DEEDS,Green,JEROME H. BAUER,5,83.33%
11,RECORDER OF DEEDS,Green,DON DE VIVO,1,16.67%
11,CONSTITUTIONAL AMENDMENT NO. 1,Nonpartisan,YES - FOR THE AMENDMENT,1324,72.63%
11,CONSTITUTIONAL AMENDMENT NO. 1,Nonpartisan,NO - AGAINST THE AMENDMENT,499,27.37%
11,CONSTITUTIONAL AMENDMENT NO. 2,Nonpartisan,YES - FOR THE AMENDMENT,1140,63.97%
11,CONSTITUTIONAL AMENDMENT NO. 2,Nonpartisan,NO - AGAINST THE AMENDMENT,642,36.03%
11,CONSTITUTIONAL AMENDMENT NO. 4,Nonpartisan,YES - FOR THE AMENDMENT,229,12.37%
11,CONSTITUTIONAL AMENDMENT NO. 4,Nonpartisan,NO - AGAINST THE AMENDMENT,1622,87.63%
11,CONSTITUTIONAL AMENDMENT NO. 5,Nonpartisan,YES - FOR THE AMENDMENT,298,16.10%
11,CONSTITUTIONAL AMENDMENT NO. 5,Nonpartisan,NO - AGAINST THE AMENDMENT,1553,83.90%
11,PROPOSITION M,Nonpartisan,YES - FOR THE PROPOSITION,1068,59.63%
11,PROPOSITION M,Nonpartisan,NO - AGAINST THE PROPOSITION,723,40.37%
12,STATE AUDITOR,Republican,SCOTT FITZPATRICK,25,75.76%
12,STATE AUDITOR,Republican,GERALD (JERRY) WISTRAND JR.,8,24.24%
12,STATE AUDITOR,Democratic,QUENTIN WILSON,1393,59.63%
12,STATE AUDITOR,Democratic,GREGORY UPCHURCH,943,40.37%
12,STATE AUDITOR,Libertarian,DUSTIN COFFELL,2,100.00%
12,U.S. REPRESENTATIVE DIST 1,Republican,PAUL BERRY III,13,37.14%
12,U.S. REPRESENTATIVE DIST 1,Republican,ANDREW JONES,22,62.86%
12,U.S. REPRESENTATIVE DIST 1,Democratic,ALISSA MURPHY,47,1.77%
12,U.S. REPRESENTATIVE DIST 1,Democratic,CARL E. HARRIS SR,25,0.94%
12,U.S. REPRESENTATIVE DIST 1,Democratic,CORI BUSH,1000,37.74%
12,U.S. REPRESENTATIVE DIST 1,Democratic,WESLEY BELL,1568,59.17%
12,U.S. REPRESENTATIVE DIST 1,Democratic,CARL EARNEST HENDERSON,10,0.38%
12,U.S. REPRESENTATIVE DIST 1,Libertarian,TOM SCHMITZ,3,100.00%
12,STATE REPRESENTATIVE DISTRICT 76,Democratic,MARLON ANDERSON,583,100.00%
12,STATE REPRESENTATIVE DISTRICT 77,Democratic,KIMBERLY-ANN COLLINS,1103,100.00%
12,STATE REPRESENTATIVE DISTRICT 77,Libertarian,MICHAEL COREY,2,100.00%
12,STATE REPRESENTATIVE DISTRICT 79,Republican,MIKE HEBRON,3,100.00%
12,STATE REPRESENTATIVE DISTRICT 79,Democratic,RACHEL D'SOUZA,79,25.32%
12,STATE REPRESENTATIVE DISTRICT 79,Democratic,ADAM S. HOPKINS,80,25.64%
12,STATE REPRESENTATIVE DISTRICT 79,Democratic,HELEN BAILEY,153,49.04%
12,STATE REPRESENTATIVE DISTRICT 84,Republican,ROBERT VROMAN,2,100.00%
12,STATE REPRESENTATIVE DISTRICT 84,Democratic,DEL TAYLOR,308,100.00%
12,COLLECTOR OF REVENUE,Democratic,GREGORY F.X. DALY,2284,100.00%
12,LICENSE COLLECTOR,Democratic,"MAVIS ""TESSA"" THOMPSON",2359,92.62%
12,LICENSE COLLECTOR,Democratic,DYLAN HASSINGER,188,7.38%
12,RECORDER OF DEEDS,Democratic,"ANTHONY T. BRANDON, JR.",690,27.57%
12,RECORDER OF DEEDS,Democratic,PATTY ELLISON-BROWN,357,14.26%
12,RECORDER OF DEEDS,Democratic,SHANE COHN,573,22.89%
12,RECORDER OF DEEDS,Democratic,"YOLONDA ""YOGI"" YANCIE",883,35.28%
12,RECORDER OF DEEDS,Green,JEROME H. BAUER,2,100.00%
12,RECORDER OF DEEDS,Green,DON DE VIVO,0,0.00%
12,CONSTITUTIONAL AMENDMENT NO. 1,Nonpartisan,YES - FOR THE AMENDMENT,1917,70.76%
12,CONSTITUTIONAL AMENDMENT NO. 1,Nonpartisan,NO - AGAINST THE AMENDMENT,792,29.24%
12,CONSTITUTIONAL AMENDMENT NO. 2,Nonpartisan,YES - FOR THE AMENDMENT,1736,64.75%
12,CONSTITUTIONAL AMENDMENT NO. 2,Nonpartisan,NO - AGAINST THE AMENDMENT,945,35.25%
12,CONSTITUTIONAL AMENDMENT NO. 4,Nonpartisan,YES - FOR THE AMENDMENT,337,12.28%
12,CONSTITUTIONAL AMENDMENT NO. 4,Nonpartisan,NO - AGAINST THE AMENDMENT,2408,87.72%
12,CONSTITUTIONAL AMENDMENT NO. 5,Nonpartisan,YES - FOR THE AMENDMENT,429,15.61%
12,CONSTITUTIONAL AMENDMENT NO. 5,Nonpartisan,NO - AGAINST THE AMENDMENT,2320,84.39%
12,PROPOSITION M,Nonpartisan,YES - FOR THE PROPOSITION,1516,56.40%
12,PROPOSITION M,Nonpartisan,NO - AGAINST THE PROPOSITION,1172,43.60%
13,STATE AUDITOR,Republican,SCOTT FITZPATRICK,31,77.50%
13,STATE AUDITOR,Republican,GERALD (JERRY) WISTRAND JR.,9,22.50%
13,STATE AUDITOR,Democratic,QUENTIN WILSON,1544,63.51%
13,STATE AUDITOR,Democratic,GREGORY UPCHURCH,887,36.49%
13,STATE AUDITOR,Libertarian,DUSTIN COFFELL,4,100.00%
13,U.S. REPRESENTATIVE DIST 1,Republican,PAUL BERRY III,17,42.50%
13,U.S. REPRESENTATIVE DIST 1,Republican,ANDREW JONES,23,57.50%
13,U.S. REPRESENTATIVE DIST 1,Democratic,ALISSA MURPHY,50,1.80%
13,U.S. REPRESENTATIVE DIST 1,Democratic,CARL E. HARRIS SR,22,0.79%
13,U.S. REPRESENTATIVE DIST 1,Democratic,CORI BUSH,929,33.36%
13,U.S. REPRESENTATIVE DIST 1,Democratic,WESLEY BELL,1774,63.70%
13,U.S. REPRESENTATIVE DIST 1,Democratic,CARL EARNEST HENDERSON,10,0.36%
13,U.S. REPRESENTATIVE DIST 1,Libertarian,TOM SCHMITZ,5,100.00%
13,STATE SENATOR DISTRICT 4,Democratic,STEVE BUTZ,46,40.35%
13,STATE SENATOR DISTRICT 4,Democratic,GINA MITTEN,68,59.65%
13,STATE REPRESENTATIVE DISTRICT 76,Democratic,MARLON ANDERSON,1754,100.00%
13,STATE REPRESENTATIVE DISTRICT 84,Republican,ROBERT VROMAN,9,100.00%
13,STATE REPRESENTATIVE DISTRICT 84,Democratic,DEL TAYLOR,631,100.00%
13,COLLECTOR OF REVENUE,Democratic,GREGORY F.X. DALY,2441,100.00%
13,LICENSE COLLECTOR,Democratic,"MAVIS ""TESSA"" THOMPSON",2496,93.17%
13,LICENSE COLLECTOR,Democratic,DYLAN HASSINGER,183,6.83%
13,RECORDER OF DEEDS,Democratic,"ANTHONY T. BRANDON, JR.",820,31.20%
13,RECORDER OF DEEDS,Democratic,PATTY ELLISON-BROWN,308,11.72%
13,RECORDER OF DEEDS,Democratic,SHANE COHN,739,28.12%
13,RECORDER OF DEEDS,Democratic,"YOLONDA ""YOGI"" YANCIE",761,28.96%
13,RECORDER OF DEEDS,Green,JEROME H. BAUER,1,50.00%
13,RECORDER OF DEEDS,Green,DON DE VIVO,1,50.00%
13,CONSTITUTIONAL AMENDMENT NO. 1,Nonpartisan,YES - FOR THE AMENDMENT,1988,70.65%
13,CONSTITUTIONAL AMENDMENT NO. 1,Nonpartisan,NO - AGAINST THE AMENDMENT,826,29.35%
13,CONSTITUTIONAL AMENDMENT NO. 2,Nonpartisan,YES - FOR THE AMENDMENT,1924,68.84%
13,CONSTITUTIONAL AMENDMENT NO. 2,Nonpartisan,NO - AGAINST THE AMENDMENT,871,31.16%
13,CONSTITUTIONAL AMENDMENT NO. 4,Nonpartisan,YES - FOR THE AMENDMENT,311,10.86%
13,CONSTITUTIONAL AMENDMENT NO. 4,Nonpartisan,NO - AGAINST THE AMENDMENT,2554,89.14%
13,CONSTITUTIONAL AMENDMENT NO. 5,Nonpartisan,YES - FOR THE AMENDMENT,371,12.94%
13,CONSTITUTIONAL AMENDMENT NO. 5,Nonpartisan,NO - AGAINST THE AMENDMENT,2496,87.06%
13,PROPOSITION M,Nonpartisan,YES - FOR THE PROPOSITION,1601,57.78%
13,PROPOSITION M,Nonpartisan,NO - AGAINST THE PROPOSITION,1170,42.22%
14,STATE AUDITOR,Republican,SCOTT FITZPATRICK,46,80.70%
14,STATE AUDITOR,Republican,GERALD (JERRY) WISTRAND JR.,11,19.30%
14,STATE AUDITOR,Democratic,QUENTIN WILSON,1055,63.94%
14,STATE AUDITOR,Democratic,GREGORY UPCHURCH,595,36.06%
14,STATE AUDITOR,Libertarian,DUSTIN COFFELL,11,100.00%
14,U.S. REPRESENTATIVE DIST 1,Republican,PAUL BERRY III,30,53.57%
14,U.S. REPRESENTATIVE DIST 1,Republican,ANDREW JONES,26,46.43%
14,U.S. REPRESENTATIVE DIST 1,Democratic,ALISSA MURPHY,37,1.87%
14,U.S. REPRESENTATIVE DIST 1,Democratic,CARL E. HARRIS SR,27,1.36%
14,U.S. REPRESENTATIVE DIST 1,Democratic,CORI BUSH,826,41.68%
14,U.S. REPRESENTATIVE DIST 1,Democratic,WESLEY BELL,1082,54.59%
14,U.S. REPRESENTATIVE DIST 1,Democratic,CARL EARNEST HENDERSON,10,0.50%
14,U.S. REPRESENTATIVE DIST 1,Libertarian,TOM SCHMITZ,12,100.00%
14,STATE REPRESENTATIVE DISTRICT 76,Democratic,MARLON ANDERSON,184,100.00%
14,STATE REPRESENTATIVE DISTRICT 78,Democratic,MARTY JOE MURRAY,1035,100.00%
14,STATE REPRESENTATIVE DISTRICT 79,Republican,MIKE HEBRON,2,100.00%
14,STATE REPRESENTATIVE DISTRICT 79,Democratic,RACHEL D'SOUZA,113,30.05%
14,STATE REPRESENTATIVE DISTRICT 79,Democratic,ADAM S. HOPKINS,93,24.73%
14,STATE REPRESENTATIVE DISTRICT 79,Democratic,HELEN BAILEY,170,45.21%
14,COLLECTOR OF REVENUE,Democratic,GREGORY F.X. DALY,1649,100.00%
14,LICENSE COLLECTOR,Democratic,"MAVIS ""TESSA"" THOMPSON",1536,85.33%
14,LICENSE COLLECTOR,Democratic,DYLAN HASSINGER,264,14.67%
14,RECORDER OF DEEDS,Democratic,"ANTHONY T. BRANDON, JR.",416,23.38%
14,RECORDER OF DEEDS,Democratic,PATTY ELLISON-BROWN,364,20.46%
14,RECORDER OF DEEDS,Democratic,SHANE COHN,530,29.79%
14,RECORDER OF DEEDS,Democratic,"YOLONDA ""YOGI"" YANCIE",469,26.36%
14,RECORDER OF DEEDS,Green,JEROME H. BAUER,3,60.00%
14,RECORDER OF DEEDS,Green,DON DE VIVO,2,40.00%
14,CONSTITUTIONAL AMENDMENT NO. 1,Nonpartisan,YES - FOR THE AMENDMENT,1706,80.89%
14,CONSTITUTIONAL AMENDMENT NO. 1,Nonpartisan,NO - AGAINST THE AMENDMENT,403,19.11%
14,CONSTITUTIONAL AMENDMENT NO. 2,Nonpartisan,YES - FOR THE AMENDMENT,1350,66.24%
14,CONSTITUTIONAL AMENDMENT NO. 2,Nonpartisan,NO - AGAINST THE AMENDMENT,688,33.76%
14,CONSTITUTIONAL AMENDMENT NO. 4,Nonpartisan,YES - FOR THE AMENDMENT,238,11.14%
14,CONSTITUTIONAL AMENDMENT NO. 4,Nonpartisan,NO - AGAINST THE AMENDMENT,1898,88.86%
14,CONSTITUTIONAL AMENDMENT NO. 5,Nonpartisan,YES - FOR THE AMENDMENT,324,15.15%
14,CONSTITUTIONAL AMENDMENT NO. 5,Nonpartisan,NO - AGAINST THE AMENDMENT,1815,84.85%
14,PROPOSITION M,Nonpartisan,YES - FOR THE PROPOSITION,1443,69.88%
14,PROPOSITION M,Nonpartisan,NO - AGAINST THE PROPOSITION,622,30.12%
